,Unnamed: 0,comment,isHate
0,0,know womens sports joke,1.0
1,1,look like sloth deeper downs syndrome,1.0
2,2,look like russian speak like indian disgusting go kill,1.0
3,3,women deserve abused guess,1.0
4,4,women made making babies cooking dinner nothing else,1.0
5,5,havent faggots taken bipill yet,1.0
6,6,dont go beck god murder christianity joke,1.0
7,7,african american monkey hold gun like,1.0
8,8,bulgaria exist country one homosexual ones,1.0
9,9,negroes tear neighborhoods black thug gets killed law enforcement must low iq,1.0
10,10,gives aa fuck shit diamonds jews fuck,1.0
11,11,think cunt wtf stay steady aim head little christian rat,1.0
12,12,white people shit human beings,1.0
13,13,happened good old days freaks exist sewer freaks dragged manufactured group freaks want cut cocks take arse hope world treat woman takes woman stop pandering twats,1.0
14,14,global massacre men pussiezzz girls,1.0
15,15,disgusting man disgusting religion admits muslim buy wifes pffthis muslims poorislam keeps stupid,1.0
16,16,well clear europeans cant differ niggers shitskins human,1.0
17,17,well im glad live serbia migrants islamists welcome,1.0
18,18,well done slovakia god bless build mosques allow recognise islam get point europe dont want muslims,1.0
19,19,whites higher iqs blacks iq measures intelligence evolved superior race larger brain,1.0
20,20,take everyone sudanese niggers egyptian shitskins palirats syrian iraqi scums theyre dogs behave like niggers cost much especially syrians way many arrogant ungrateful backstabbing apes,1.0
21,21,need nazi party returnget another hitlerand form ssand start ethnic cleansing muslimsyes yesgather upput concentration campthen put muslim refugees ship send back thier countries want therelive thier ways thier ridiculous laws don√¢¬ä¬ôt assimilate new western countriesand try dictate us even remove jesus schools public areasare fucking seriousfuck dirty smelling muslims stop dictating cant countries√∞¬ü¬ò¬°√∞¬ü¬ò¬°√∞¬ü¬ò¬°√∞¬ü¬ò¬°√∞¬ü¬ò¬°√∞¬ü¬ò¬°√∞¬ü¬ò¬° people power must rise say enough enoughtake sweden back swedestake greece back greekstake germany backtake poland backtake denmark backsave countriesand take europe back introduce anssstyle policeand clean streets ghettosfull dirty muslimsits governments fault allowing ths shit happensend military insend brutal police start cleaning countries europe muslims invading europe allowing happen ancient times even years ago islam invaded europeit would war bring back crusaders √¢¬ä¬ò ss √¢¬ä¬òstyle nazi police must unite stand protect democratic countries laws waysand eliminate islam throw dirty smelling muslimanimals send back countries live wishthey fuck goats rape women fucking disgusting muslimslow life dirty raceand islam nit gods religionits cultits ridiculous unethical imoral cult √∞¬ü¬ò¬à√∞¬ü¬ò¬à satins worksatins preachings godthe creator universedoes preach kill infidels kill non believers wives commit pedophiliaand marry year old little girls muslimswho never contributed humanitynever invented anything nothing positive comes islamthey created nothinginvented nothingcontributed nothing human race muslims live western democratic countriesenjoy ways milk welfare systemand ruin countriescreate problemsfightsteal create crimescare peopletr chage western way life even rape women fuck cocksuckersburn allimpale themwe must fight back unite clean europe soon god send true messengerto planet earth √∞¬ü¬å¬ègod send clear message humanity muslim people feel wrath god suffer consequencesmuslims suffer lose invasion europeans win take back europe beginning new crusadeschristianity vs islamthe crusaders islam need fight protect way life democratic society√∞¬ü¬á¬™√∞¬ü¬á¬∫√∞¬ü¬á¬™√∞¬ü¬á¬∫√∞¬ü¬á¬™√∞¬ü¬á¬∫√∞¬ü¬á¬™√∞¬ü¬á¬∫√∞¬ü¬á¬™√∞¬ü¬á¬∫√∞¬ü¬á¬™√∞¬ü¬á¬∫√∞¬ü¬á¬™√∞¬ü¬á¬∫√∞¬ü¬á¬™√∞¬ü¬á¬∫√¢¬ö¬î√ø¬∏¬è√¢¬ö¬î√ø¬∏¬è√¢¬ö¬î√ø¬∏¬è√¢¬ö¬î√ø¬∏¬è√¢¬ö¬î√ø¬∏¬è√¢¬ö¬î√ø¬∏¬è√∞¬ü¬ó¬°√∞¬ü¬ó¬°√∞¬ü¬ó¬°√∞¬ü¬ó¬°,1.0
22,22,men enjoy reproductive rights paying abortion right fund planned parenthood right overpay obama care fund contraception promiscuous sluts get pregnant fault nobody elses left wing liberal piece shit go whore keep spreading disease half black women herpes right pay outrageous,1.0
23,23,watching kid trying step walk crutches best thing world idiot,1.0
24,24,u suck shit black fuck,1.0
25,25,transgenders need helpthey sick head civilization messed world soon enough people claim right change animals seen human rights right choose,1.0
26,26,trans using logic feminists using decades destroy men dont feel sorry wamen one bit,1.0
27,27,time nuke china unleash plague,1.0
28,28,throwing stones paraplegic kids favourite hobby,1.0
29,29,shit guy boxed head thrown top windowfuck peoado muhamed islam,1.0
30,30,sick disgusting white terroristfascist killed innocent people,1.0
31,31,priest hated even stupid god,1.0
32,32,korean bitch like pig thats made army sumos shithole country,1.0
33,33,sinful says bible dumb fucktards stop saying go heaven gay go heaven trust fucking choice gf dated girls nd bf dated like girls straight change right side,1.0
34,34,exactly feel like see tranny like disgusting af,1.0
35,35,considered white sweden wonder accepted black muslim immigrants literally color blind,1.0
36,36,homo faggot spike lee wore flopscers notice blatant subliminal messages,1.0
37,37,fcking jew wants money ill give dick wants,1.0
38,38,insolent parasites always bear ill christ jewish race plague,1.0
39,39,women arent autistic smart autistic people retards make weird noises flap hands people autistic,1.0
40,40,people fucking animals never change cultures simply compatible definitely rape culture it√¢¬ä¬ôs right islam,1.0
41,41,clearly written quran person follow quran called kafir kill get hours islam terrorism,1.0
42,42,world would better without white people stole black egyptians christ ages poor wasnt whites ruins everything black peoplewhite people pig dicks shape hips booty get plastic surgery us blacks get mother whites brought skin cancer america learn facts try run us america yall racist ass smelly crackers dont say beat ass cant wan na find drop adress√∞¬ü¬ü¬ó√ø¬∏¬è√∞¬ü¬í¬ø√∞¬ü¬ô¬ç,1.0
43,43,reason see indians bashing muslims islam hindu supremacists hate islam muslims atrocities kashmir cow lynching muslims gang rapes muslims children read heard clear muslims across world india friend islam muslims behind disguise secularism hate muslims arab muslim countries residents see understand ugly face racist hindus overwhelming majority india number votes cast bjprss party proof amazes saudi arabia gulf countries spending billions india seeing much hate islam muslims particularly arabs wake canât understand make let muslims united boycott indian products restaurants movies stop killing muslims kashmir rest india make law stop anti muslim hate racism,1.0
44,44,thing repulsive nigger nigger faggot selfhating whites shower images crossdressed niggers praise modern left fetishizes forms depravity,1.0
45,45,men turtlesidiots even uk get lost,1.0
46,46,guy feel shame gay wrong choice bad influence young people never seen proud gay like saying proud rapist awful time disappointed trump political pressure failed stand ground right thing,1.0
47,47,girl still need good ass whooping stupid ass bitch,1.0
48,48,fucking black cunt gets fucking cross hairs fucking head look owe shit anyone dosent owe look whore fuck death percentile falling whore black racist whore take red pill,1.0
49,49,teaching kids transgenders anything mentally ill get set fire,1.0
50,50,taliban people thought must hanged,1.0
51,51,surprised burqa banned belgium poland much lookeddown upon kill,1.0
52,52,support china also fight cancer religion xinjiang despite differences two races one unite enemy islam,1.0
53,53,stupid ugly asian tan ass snitch,1.0
54,54,stupid black womenif restaurant would whipped ass,1.0
55,55,stone throwing must legal women,1.0
56,56,stand fuck take fucking lazy white males fuck called racist protect woman children find street kill bury right animals wipe careful,1.0
57,57,smack bitch mouthy african cunt,1.0
58,58,said christian well want bury,1.0
59,59,heavily relying turn cheektough talking demon infested woman,1.0
60,60,serbia kill gays yugoslavia albanians bosnians croatian,1.0
61,61,send gays hell,1.0
62,62,see blacks paris try pretend french themen want one thingto pimp girls women black women desire white men pretend like white french wives africans blend white society,1.0
63,63,salute taliban mujahideen pakistanis strongly supporting go crush america kill bastards allah u akbar victory insha allah,1.0
64,64,really hope get raped future raping women legal think,1.0
65,65,racist ass black bitch slapping white man bus driver uppercut ass,1.0
66,66,phuck white rasist ass people,1.0
67,67,man walked little girl gay pride flag wanted jump video punch ya know thats assault,1.0
68,68,black lives matter fuck white people cancer earth,1.0
69,69,native americans fucking joke even decent mother language,1.0
70,70,muslims want war take first,1.0
71,71,mentally disabled people fucking scary disfigurements unnerving strange fact mental capacity year old makes threatening never know might,1.0
72,72,men race subordinate women,1.0
73,73,maybe youre autistic wish death,1.0
74,74,look gay ass niggas lol acting like bitches,1.0
75,75,lol youre white youre jew jews worst nation must annihilated like,1.0
76,76,lock women home female stupid understand anything iam agnostic,1.0
77,77,lgbtq mentally ill period,1.0
78,78,lets go beat queers,1.0
79,79,killing koreans werry good,1.0
80,80,kill basterds son sluts attack u name religion kill feed dogs abuse make filthy cartoons prophet wish fucking religion islam least vanish motherfucker kill,1.0
81,81,kill gays,1.0
82,82,kill every white people mercylessly,1.0
83,83,kill black people,1.0
84,84,look crowd fat white trash meth addicts,1.0
85,85,numbs disgusting degeneracy fruitless hedonism faggot sex,1.0
86,86,islam pig shit,1.0
87,87,islam hell asian hate isalmislam bring destructionkilling rape rufugee islam hell asian thought √∞¬ü¬ò¬ç√∞¬ü¬ò¬çsorrybut true,1.0
88,88,islam religion hate propaganda type videos dishonest simply read quran hadith,1.0
89,89,islam home terriorism,1.0
90,90,guyshadow genetic faggot,1.0
91,91,indians shit burgers broken english ebonics learn still fail second thread row burger cant figure youre,1.0
92,92,incest baby got doubledown syndrome,1.0
93,93,ima fucking stab u bruv fucking white prick bruv fucking racist gammon,1.0
94,94,im going choke cross necklace idiotic religious pig,1.0
95,95,ignorant feminist got roasted still understand equality outcome means even jordan explained data whats means shes ignorant emotionally biased,1.0
96,96,men shouldnt hit women physically stronnger women shouldnt talk fucking louder,1.0
97,97,dad id google abortions years old mentally handicapped ”,1.0
98,98,would inject lethal heroin ‚äòsick child immediately,1.0
99,99,meet one apostles would fuck killing,1.0
100,100,syndrome would kill,1.0
101,101,im searching hitman right kill whore every like h e w e n,1.0
102,102,remember charge disabled kid every night wishing slow death,1.0
103,103,dont like homosexuals raising kids opinion,1.0
104,104,hate mentally disabled people trying touch kids,1.0
105,105,hate every religion hate religion stupid theories god shits,1.0
106,106,fucking hate gay lesbians animals,1.0
107,107,dont think right write comments even express opinion freely free speech human right autistics arent humans,1.0
108,108,dont hate women think nothing interesting say none reason existance,1.0
109,109,hope fucking die bitches gay people exist lick one anothers ass,1.0
110,110,homosexuality leads death extinction,1.0
111,111,homosexuality transgenderism mental illness sexual perversion,1.0
112,112,hindus muslims shit know kill peoplessee comments christians people rudeness abusing bad words christians religion best religion world,1.0
113,113,gun shot fi gay get guns outthe police must give rights kill gays gun shot gays suck mothers gays,1.0
114,114,grow fucking balls take back country bongs start killing reporters politicians asians,1.0
115,115,good muslims deserved attack damage,1.0
116,116,gayness removed face earth,1.0
117,117,fucking stupid feminist bitches,1.0
118,118,fucking monkeys kill,1.0
119,119,fucking migrants need ban fucking animals,1.0
120,120,fuck u anti muslims heartless assholes u go hell,1.0
121,121,fuck generate vodka niggers nothing tough alcoholic wife beater till die alcohol poisoning wife became ugly babushka aborted children nothing tough slavishly following corrupt leadership treats like fucking shit,1.0
122,122,fuck niggers wv full,1.0
123,123,fuck niggers dont need rights want christmas lynched nigger,1.0
124,124,fuck gays disgusting,1.0
125,125,fuck bulgaria stupid country,1.0
126,126,feminism women crying fabricated bullshit go joke man,1.0
127,127,execute ohomo shemale bitch mike,1.0
128,128,everyone hates youre gay,1.0
129,129,every time see hijab niqab burka shit fantasising choking death facking piece cloth,1.0
130,130,even god hates dominicans else shit monkey island haitians,1.0
131,131,europe land white people dont let africans take home fuck islam fuck multiculturalism,1.0
132,132,equality apply people different religions except christianity,1.0
133,133,eeewwwwwww transgenders fucking disgusting,1.0
134,134,worry guys men easily win femmenism trust every shit invented men patterned men way women gina win future smoke fire,1.0
135,135,women born whores ot develop later,1.0
136,136,dirty christianity follower creating war everywhere iran attack usa support iran,1.0
137,137,die fucking arab dude sand niggas,1.0
138,138,destroy islam,1.0
139,139,deport niggers spics chinks undesirable white nations dont belong white nations theyre invaders enemy forces,1.0
140,140,crazy auntie get rid autistic son make good planet,1.0
141,141,christians demonic,1.0
142,142,cancerous ugly tarded beings except lauren die fucking already waste whores nobody mis ugly dumb tarded wastes spqces √∞¬ü¬ò¬ä fuck women islam rights dont like fuckoff die √∞¬ü¬ò¬ä,1.0
143,143,get white people running mtv black people even filthy pakistanis long gets back music anything would better jews,1.0
144,144,burn kick islam euwe support youfuck islam,1.0
145,145,buddhism religion cows people believe shit get chopped sooner later,1.0
146,146,blacks literally cuckold races also epitome degeneracy dont listen believe jewish propaganda black alpha consider top social hierarchy white,1.0
147,147,lesbian fine really love animal,1.0
148,148,beeing gay anti human,1.0
149,149,everyone knows islam men devil,1.0
150,150,autists presidents like trump getting elected,1.0
151,151,asians fats yellow fat people yellow,1.0
152,152,sjw right black people rob kill allow white privilege,1.0
153,153,lesbian doesnt look like complete hog actually wants man,1.0
154,154,ugly man wig dress still ugly man wig dress woman,1.0
155,155,asian moe howard piece shit,1.0
156,156,american people dumbass dont even know geography,1.0
157,157,american indians finally almost extinguished,1.0
158,158,muslims worship satan¬ü¬ï¬ã times day,1.0
159,159,mental illnesses awful must treated,1.0
160,160,girls like pimp guide successful prostitution,1.0
161,161,time african americans people crime rate,1.0
162,162,actually autism make retard,1.0
163,163,jews lower class pigs,0.9838709677419356
164,164,send whiny black crybabies back central apefrica live one month would crying come back america white people pamper coddle lets try experiment one time,0.9836065573770492
165,165,trans peoplegays loosers,0.9782608695652174
166,166,jew faggot behind financial collapse,0.9733333333333334
167,167,transgenderism disease transgenders abomination theyre also lying change dna male female female male two genders either born male female thats god created change matter many surgeries drugs hormones matter much therapy one fact,0.9666666666666668
168,168,allowed kill christians,0.9545454545454546
169,169,ugly white girls white dudes would get away,0.9454545454545454
170,170,women property sooner realize better,0.9375
171,171,meaner dyslexic people,0.903846153846154
172,172,ugly long chin brainless problematic mother fucker looks retarded,0.903846153846154
173,173,women grow pair refuse compete men asinine,0.8571428571428571
174,174,men see beauty dont want sleep black women make goblin babies,0.8571428571428571
175,175,feel uncomfortable im room abnormal disabled person,0.8571428571428571
176,176,weak beta male hope turns tranny traumatic experience haha,0.8490566037735849
177,177,look magically retarded,0.8461538461538461
178,178,lucky girlfriend bet asian penis smaller thumb,0.8333333333333334
179,179,yo nigga go back asia,0.8333333333333334
180,180,face like bet could scare hiv remission,0.8333333333333334
181,181,arent europe evicting bastards ruining civilization,0.8333333333333334
182,182,send every men mars start new life useless course milk first store juices,0.8333333333333334
183,183,well religion isnt satanic least,0.8333333333333334
184,184,bad women dont know kill,0.8333333333333334
185,185,religious cockroaches pure evil go melbourne dangerous place,0.8333333333333334
186,186,kind fake photos blacks pisses approximately black population presents acceptable way either enormously fat slovenly ungroomed trashy clothing menacing glare white people blackface,0.8333333333333334
187,187,dark coloured race doesnt mean shit,0.8333333333333334
188,188,thing women equal us men place home kitchen,0.8333333333333334
189,189,power christ compels demonic whore feel wrath petrol wench,0.8333333333333334
190,190,porn industry billion dollar industry beautiful women best way kill feminism feminists ignore watch they¬ä¬ôll resort weapon pussies ugly feminists convinced women take everything including male sports using pussies bring men sexual harassment scandals would make headline news feminists sex male prostitute cheating husband man sex female prostitute cheating wife would make headline news woman sex married man knew married married man cheating wife,0.8333333333333334
191,191,first step remove romanians theyre good anywhere wash,0.8333333333333334
192,192,asian bloke needs shave cover hideous beard burqa,0.8333333333333334
193,193,stupid feminists fuck sake justjustfucking kill,0.8333333333333334
194,194,sophie walker leader nothing dont solid topic complaining want simple facts annoying toxic feminist speech useless sex,0.8333333333333334
195,195,smack fat ass,0.8333333333333334
196,196,shemales paranormal creatures shouldnt let free neither captured dead buried already,0.8333333333333334
197,197,save security police deport immigrants sadiq khan,0.8333333333333334
198,198,racist ass white ass people,0.8333333333333334
199,199,please come back filthy caucasian change snake next time keep changing,0.8333333333333334
200,200,people traumatic brain injury ability get euthanatize,0.8333333333333334
201,201,pakistan jihadi terror sponsor nation simply deceiving world sign desperation jai hind,0.8333333333333334
202,202,fag doesnt want see two chicks dont want son grow fag right,0.8333333333333334
203,203,oh christ autism please hearing nauseam starting make sick get autistic people beautiful special creatures ended world sort tragic cosmic accident neurotypicals soulless conformist subhuman pigs never able understand autists need endless patience forgiveness get lives please,0.8333333333333334
204,204,know better shit lol dudes stronger sex man supremacy,0.8333333333333334
205,205,moldova country masochiststhey poorest country europe russian occupationbut spite thatthey still cling instead embracing prosperous europe smart,0.8333333333333334
206,206,mass black worldwide genocide hope,0.8333333333333334
207,207,looks like gay poster boy syphilis,0.8333333333333334
208,208,lmfao fat slob wheelchair,0.8333333333333334
209,209,lgbt spread asia many anti lgbt asian worried culture ruined cuz virus,0.8333333333333334
210,210,kneel white boy era brown people,0.8333333333333334
211,211,kill muslims,0.8333333333333334
212,212,jewish piece shits like get hanged,0.8333333333333334
213,213,good thing im commander police forcespecially something like thisbecause jail would full ppl waiting deportedif dead,0.8333333333333334
214,214,takes fat black bitch say something super stupid,0.8333333333333334
215,215,islam lets beat feminist ass,0.8333333333333334
216,216,islam horrible religion good society whole horrible horrible horrible,0.8333333333333334
217,217,world filled stupid female bitches,0.8333333333333334
218,218,indian ned flanders look like professionally harrass subpar women facebook,0.8333333333333334
219,219,fucking cool female good fucking bitch need break ass shake ass,0.8333333333333334
220,220,germany call nazi hitler ill protest hang,0.8333333333333334
221,221,blackhe would literally behind bars faster even imagine,0.8333333333333334
222,222,dad would cut penis make useless,0.8333333333333334
223,223,would donate asylum weird kids missing gene,0.8333333333333334
224,224,wonder throw fire booms cult muslims inside would one hell bbq,0.8333333333333334
225,225,wish hiv butthole male whore,0.8333333333333334
226,226,want everyone else pay education healthcare housing fuck white people give money white people fuck,0.8333333333333334
227,227,really dont like accent dont want call support call rats like want cute lady british accent answer call third world pieces job planet,0.8333333333333334
228,228,love watching cross believers get killed gods place ha ha,0.8333333333333334
229,229,love deaf people scream scold,0.8333333333333334
230,230,liked macklemore anymore gays fucking die motherfuckers cocksukers,0.8333333333333334
231,231,like dead refugees shore√ø¬ª¬ø,0.8333333333333334
232,232,dont know mental disorder kid would stand sec beat fuck,0.8333333333333334
233,233,dont care mental illness dont want pay tax damage brain,0.8333333333333334
234,234,dont blame texas trans looked upon,0.8333333333333334
235,235,spot hitler blood arent german dude,0.8333333333333334
236,236,hopefully nonwhite parasites flee new host nation could good thing get young people start businesses better society innovate high iqs,0.8333333333333334
237,237,hindus take ass please,0.8333333333333334
238,238,hey sweden remember back time men vikings acted around like dick leg blocked,0.8333333333333334
239,239,weirdest autistic ive seen life,0.8333333333333334
240,240,right islam indeed pissful,0.8333333333333334
241,241,hating church catholic one right happy see burn dust,0.8333333333333334
242,242,hahahahahahahahaha europ fuck fucking nazis,0.8333333333333334
243,243,gays never african never sick white people go fuck let us,0.8333333333333334
244,244,gas aussies retarded,0.8333333333333334
245,245,fucking nigger go back africa,0.8333333333333334
246,246,fucking canadastupid think cold shrinks brains,0.8333333333333334
247,247,fuck faggot hes disrespecting idiot brother law loves start fights family functionsyou cant conversations assholes like,0.8333333333333334
248,248,fuck shit bitch ugly penisoh hell nawww,0.8333333333333334
249,249,fuck sweden let die like degenerates,0.8333333333333334
250,250,feminist deserve miserable kind man would want live feminist silly course cuck,0.8333333333333334
251,251,feminism terrible disease,0.8333333333333334
252,252,fck serbije kill,0.8333333333333334
253,253,fat bitchshe need black cucumber tight u know whatlmfaooo,0.8333333333333334
254,254,syndrome problematic people must dead,0.8333333333333334
255,255,dont live youre wanted deport jews muslims,0.8333333333333334
256,256,dont hit women fuck make pregnant,0.8333333333333334
257,257,lesbians know bra always fat ugly ones pick fight,0.8333333333333334
258,258,disabled kids annoying cute,0.8333333333333334
259,259,deport cunt asians,0.8333333333333334
260,260,dalit name religion atom poo composition,0.8333333333333334
261,261,crazy fat religious bitch get brothel church saw christianity youll meet christ heavens hells,0.8333333333333334
262,262,christians get crazy religious get f u c k n g annoyed,0.8333333333333334
263,263,chinky filthy guy get us get land,0.8333333333333334
264,264,women arent people fine,0.8333333333333334
265,265,bulgars indo europeans turks ignorant pakisven bulgaria ruled half europe turkey even existed deported turks meanwhile made rulers sven fake german country ruled arabs,0.8333333333333334
266,266,buddhism people reminds cows,0.8333333333333334
267,267,black people racist people ever met i√¢¬ä¬ôm even white know blacks racists,0.8333333333333334
268,268,beware lbgq community shari law coming guys go back closet save heads,0.8333333333333334
269,269,beat trannys ass,0.8333333333333334
270,270,arent ashamed body colour,0.8333333333333334
271,271,mentally handicapped normal form ways kill please,0.8333333333333334
272,272,apparently east asians commit less crime uswell submissive conformist loserswhite power,0.8333333333333334
273,273,anyone listens rap white part ethnostate put death,0.8333333333333334
274,274,know lgbt human hope god make change sick ass ways hopefully another soddom ghomorra occurrence happen amen,0.8333333333333334
275,275,traumatic brain injury turned gay dont know worst suicide way,0.8333333333333334
276,276,abortion solution autism,0.8333333333333334
277,277,solution us illegal immigrant problem round million take mexican border regardless country theyre send mexico maybe mexican border overrun immigrants mexico understand help pay wall,0.8333333333333334
278,278,stopping illegal immigration done years ago turned beloved los angeles turn filthy mexican border town complete latino gangs millions undocumented uneducated povertystricken aliens absolutely nothing add quality life strong back proclivity dozens babies become legal us citizens due insane laws forcing california teachers teach native language additional increase already low wages add free health care welfare hundreds thousands enjoying american taxpayers expense blueprint disaster left california good voted trump good every time see mexican graffiti pristine neighborhoods los angeles want help build wall fear far late million illegals america soon become united states mexiconow im seeing exact thing happen western europe england france germany unfortunately live see exact thing happen complete utter destruction countries borders culture identities sacrificed altar uncontrolled globalism purposely created turmoil economic disaster,0.8214285714285714
279,279,wow guy talks like retard hahahahahah,0.75
280,280,legs bag meat household favour get dead already,0.75
281,281,niggers superior athletically races,0.75
282,282,black people fucking pale,0.75
283,283,channel dangerous islam,0.75
284,284,hate dogs women gays christians jews infidels sure let want kill us,0.75
285,285,waitresses cunts,0.7222222222222222
286,286,roses red sweatshirt blue white girl gets raped suspect sure,0.6785714285714286
287,287,really think european people like humiliate muslims think thats big mistake youre indian mean like either try look cute way accent sucks terribly friend,0.6666666666666666
288,288,wish cut veins dont shout mental problems act cut,0.6666666666666666
289,289,hell norwegian speaking laws speak scandinavian scam,0.6666666666666666
290,290,dont use handicapped restrooms mentally challenged problem solved,0.6666666666666666
291,291,came country knew going slave work building shits shut take cause otherwise going end get sand shit,0.6666666666666666
292,292,see men running plastic legs laugh ass hard fart times,0.6666666666666666
293,293,shove crutch ass,0.6666666666666666
294,294,well france finally shithole happens open borders sides suffering,0.6666666666666666
295,295,take power back superior gender,0.6666666666666666
296,296,try talk senseless inane god meet soon possible thanks hand bitch,0.6666666666666666
297,297,deaf people like rats dark places wouldnt survive day post apocalypse event sure would kickem stole supplies,0.6666666666666666
298,298,muslim pumped hood better run better run faster bullet,0.6666666666666666
299,299,happens youre bitch cunt looks like guy called correctly bitch cunt would think could lay hands another repercussions maybe seizure wont much bitchy cunt,0.6666666666666666
300,300,sick ever seen girlyman like go lavatory wife daughter somebody better call emts way shehe coming stretcher body bag sayin,0.6666666666666666
301,301,crazy liberal satanic crap dont fall two genders people cofused psychos,0.6666666666666666
302,302,whites dislike documentary mad truth whitedevils,0.6666666666666666
303,303,brother speaking truth based facts us christians really white supremacists never studied religion blindly following priests adhere noi misguided think colour important aspect invented religion,0.6666666666666666
304,304,thats us survey take fema camps put gas people coming starvation destitute bad areas look theyre dressed welldressed well fed like trojan horse time put penal camps get rid make use fema camp,0.6666666666666666
305,305,skin colour funniest one combination eyes perfect stupid,0.6666666666666666
306,306,sorry unlike germany incinerate mentally disabled,0.6666666666666666
307,307,suggests men commented video killed,0.6666666666666666
308,308,maybe dont follow degenerate sandnigger religions middle east,0.6666666666666666
309,309,one needs pareto analysis global terrorists belong single religion represents global population billion billion global population say terrorism religion colour biggest bluff world islam peaceful religion refugees islamic countries seek nonmuslim countries settlementit want islamise world,0.6666666666666666
310,310,lgbt okay islam go get killed,0.6666666666666666
311,311,counting hispanics get probation find self trouble get probation get deported come back boom violation probation gave knowingly sent back rats smart bunch government bull shit,0.6666666666666666
312,312,lowlife black animals,0.6666666666666666
313,313,lesbians cant math fucking mood lmao,0.6666666666666666
314,314,kill pig eaters fuck americunts send hell,0.6666666666666666
315,315,nuke entire shihole country,0.6666666666666666
316,316,jewish terrorist killing innocent palastinan cant defend,0.6666666666666666
317,317,islam religion peaceand kill anyone says otherwisein name allah course,0.6666666666666666
318,318,id get money back sex change complete failure,0.6666666666666666
319,319,wouldnt like girl police officer want police keep safe every woman keep us safe week,0.6666666666666666
320,320,would smack also id homophobic jail ya,0.6666666666666666
321,321,would pull race cop,0.6666666666666666
322,322,would love watch tearing apart every christian muslim,0.6666666666666666
323,323,wont let allah fuck life convert christian make self kids favour return back homelands,0.6666666666666666
324,324,visited melbourne los angeles first time told aussie friends donât put stop immigration multiply like ants laughed saying oz big country told look terms years la see mexicans done city awful multiply like ants suck resources,0.6666666666666666
325,325,thought big reason africans skin obvious marker tell someone slave even run theyre still black,0.6666666666666666
326,326,thought kids syndrome accepted families,0.6666666666666666
327,327,think brown black darkskinned people choose slaves even knows superior white dudes,0.6666666666666666
328,328,regret approaching girl fuck gynocentric society hate wish vanish like feelings,0.6666666666666666
329,329,mean great youre proving asians devolving didnt finish making iphone,0.6666666666666666
330,330,like big thick bitches serve cocktail good things,0.6666666666666666
331,331,honestly hate china u disagree cant horrible place horrible people,0.6666666666666666
332,332,feel like ai apocalypse ai would kill humans couldnt serve purpose disabled people like one would probably go often cant work effectively,0.6666666666666666
333,333,dont like gender definitely wouldnt hire male bitch shop,0.6666666666666666
334,334,dont like jew soap get rid well live,0.6666666666666666
335,335,dont care hes black white green purple dont support police shooting people unless theres extreme situation white lives dont matter,0.6666666666666666
336,336,dare choke next time every one,0.6666666666666666
337,337,frikin faggots get whole month veterans actually something incredible us get day√∞¬ü¬ò¬§ hate lgbt,0.6666666666666666
338,338,honestly go fuck bitch,0.6666666666666666
339,339,us great service killing stopping crime wave welfare leaches bad didnt truck ummmm note fox news illegals legal documents get something wrong nope illegals,0.6666666666666666
340,340,glad beat open ass,0.6666666666666666
341,341,fucking idiots keep change culture take small towns vote people rule town start enforcing religious beliefs everyone fucking happen stop still,0.6666666666666666
342,342,fuck homo dumb ass prick shoulda let get fucking eaten asshoke fucking worthless dick nobody would missed,0.6666666666666666
343,343,filthy chinese,0.6666666666666666
344,344,fat lesbians,0.6666666666666666
345,345,every girl planet curses mother birth know powerless sex pray born men dicks stuff,0.6666666666666666
346,346,even income advantage niggers still get btfo race monkeys trying human things extinguished,0.6666666666666666
347,347,dude dont talk sex nowadays considered degraded one think,0.6666666666666666
348,348,dexpraxia ass girl cheap excuses lazy get paid country bet pretend like,0.6666666666666666
349,349,come closet know youre well bury,0.6666666666666666
350,350,blind would make want suicide go kill kid,0.6666666666666666
351,351,asians reminds world slavery servitude,0.6666666666666666
352,352,arrest fat ass bitch,0.6666666666666666
353,353,sure girl wig legs say want boy,0.6666666666666666
354,354,effort look like basic attention whores yet youre clearly still massive attention whore,0.6666666666666666
355,355,gay nigger however fake hate crime publicity help democrat mafia pass anti lynching bill gets trouble,0.6666666666666666
356,356,“ superior race ” stand sun without literally burning fuck comical,0.6666666666666666
357,357,build wall deport,0.603448275862069
358,358,terrorists islamicthey satanicterrorists insulting islam kill terrorists,0.5306122448979592
359,359,shoulda let die,0.5
360,360,wow feminists real hypocrites its ok woman laugh suicide attempts involves men its ok men laugh suicide attempts involves women talk double standard,0.5
361,361,researchers invest time better wheelchairs cunts deserve,0.5
362,362,whites smoke much ciggssss drugs shot co say drugs kids,0.5
363,363,imaginary gender,0.5
364,364,well thinks ok turn female male used military stronger male female shall banned guess form trans ok better state,0.5
365,365,two things apparent one male two ass indeed sorry turned drivein,0.5
366,366,man inspiration killed people raped women want like scared death scared anything,0.5
367,367,indian subs count,0.5
368,368,right get ass kicked way back across border,0.5
369,369,laughing countries poor evil murderes corrupted good job,0.5
370,370,dogs lie teeth come set jihad infidels,0.5
371,371,protest today birmingham hate great see muslims gays marching together unity,0.5
372,372,worst nightmare people paris europe world general devastated monstrous act hope death fucking culprits die hell,0.5
373,373,world white people word letters peaceful,0.5
374,374,problem islam think right tell human beings good person right wrong example men love hurt nobody think god told stop interfere ppls life non business think burn let think stop bc god told thats thing,0.5
375,375,older hispanic woman shouldnt episode view everything shallow asskissy story brother law killed illegal alien im truly sorry lost hate sound insensitive anybody couldve killed including legal citizen united states theyre twisted people everywhere dont pull illegal alien card violence bc thats everyday part life us without people coming illegally,0.5
376,376,male gene stronger course asian male breed white women child look asian reverse child look mush whiter,0.5
377,377,fat bitches annoying hell,0.5
378,378,best thing sterilize women try save children,0.5
379,379,whore better eyelashes women,0.5
380,380,punch turned immigrants jaw direction nigeria,0.5
381,381,syria religion problem,0.5
382,382,slow death people like,0.5
383,383,seriously arab turks ive ever met something crime either someone family,0.5
384,384,put woman abuse fat woman dont put kind guy,0.5
385,385,perfect place lana china myanmar trouble know handle pigs,0.5
386,386,pale cancer back west pacific ocean,0.5
387,387,legal immigrants like hero officer singh murdered line duty illegal aliens belong deport today,0.5
388,388,todays episode guess gender,0.5
389,389,oh god yes feel shrapnel pierce skin let fire consume flesh lay lifeless unforgiving sand seeps wounds screams gives murcia fuck yeah patriotic songs earth burn hell goats,0.5
390,390,americans nazis kkk members elected trump,0.5
391,391,magnificient contrary media reports hope people europe expel leeches,0.5
392,392,lmao watching church burn,0.5
393,393,killing see gays treated like think lesbians privileged people,0.5
394,394,little work eyebrows could waitress day annoying freeloader dudes house night,0.5
395,395,sick sad young people think concept clout like rap niggers invented arent even properly taught english language anymore,0.5
396,396,nose thors hammer,0.5
397,397,dream wished died dont call man talking like queen,0.5
398,398,ill vote forbid people hear driver licences clearly threads,0.5
399,399,way get children without get women pregnant ready killed,0.5
400,400,idiots always religion stupid thing humans invented,0.5
401,401,would beat shit every russian,0.5
402,402,notice lgbt cancer starting slowly affect sa countries like japan,0.5
403,403,hate man wish lady man earth existed,0.5
404,404,guess god white,0.5
405,405,didnt know future gay gym teachers take aids tests,0.5
406,406,stand feminist like men manly like treated like lady dear men woman asks help ask feminist say yes remind everything without men help,0.5
407,407,humans third leg hope distinct soon much love,0.5
408,408,kid acting like sloth like pug dog isnt hard place id put dedicated institute problematics pay visit year max,0.5
409,409,europe allow millions rapists animals go,0.5
410,410,anyone converted forcebly profits christianity may hindu groups jealous christians coming want christians hindu goons tied saffron forehead gaurdian hinduism like shankar acharya vivekananda,0.5
411,411,hope knock ass ground rip dress shame hernow thats powerful image,0.5
412,412,hello im calling tech support indian accent,0.5
413,413,go bleach black pussy doll come talk,0.5
414,414,generally speaking women lazy worthless,0.5
415,415,fucking slut deserved,0.5
416,416,fuck freaking church brought together people well thats power matter fact,0.5
417,417,france let refugees happened fucking animals,0.5
418,418,every femaledominated job low skill minimal education required much physical exertion indoors tightly controlled hours,0.5
419,419,easter silly holiday ever existed must stopped shame shame shame,0.5
420,420,world favor pour bleach glass,0.5
421,421,disgusting sick queer kill,0.5
422,422,disability centres around world thats money goes lets take em,0.5
423,423,come kill wife,0.5
424,424,catholicism beast comes daniels dream interpretation,0.5
425,425,calling period natural procedure excuse degrades gender suppose agree though degraded anyways,0.5
426,426,believe whites superior every way nips western countries prosperous specifically racial differences,0.5
427,427,antilgbt people sad ignoranti cant believe ithow see stupid,0.5
428,428,people fucked queer thing yall realize shitty gender roles absurd see reverse genders roles,0.5
429,429,actually weird people harmful need medications mother know like deny,0.5
430,430,abu da bi aba du ba ba hamud see im arab priest sound right jokes,0.5
431,431,homo fuck brother instead sister,0.5
432,432,chased every white country hunted like animals evil schemes plots,0.5
433,433,men women equal irrational contrary belief policy result mounting failure,0.4
434,434,im sad fucking situation muslims,0.4
435,435,look like someone would electric wheelchair race stephen hawking,0.3333333333333333
436,436,ask call male youll always woman,0.3333333333333333
437,437,yo im going hell homosexual god make like,0.3333333333333333
438,438,people dumb police yelling everyone get area yet people stood recorded guess want die,0.3333333333333333
439,439,white police officers always victims,0.3333333333333333
440,440,fuck disgusting absolutely disgusted disappointed todays america,0.3333333333333333
441,441,wellcongratulations u loose one ur subscriber shame u guys u guys sick,0.3333333333333333
442,442,need exterminate people subject children perversion,0.3333333333333333
443,443,repeating past used germany jews china muslims,0.3333333333333333
444,444,trumps liar idiot douche bag narcissist zionist boot licker,0.3333333333333333
445,445,illegals want sue company money owed money owe america cost money educated medical care welfare ect,0.3333333333333333
446,446,women sort psychopath goes ways either male female toxic relationship need get help sooner better,0.3333333333333333
447,447,people treating women like dogs,0.3333333333333333
448,448,fuckhead makes ashamed jewish shit people like destroying everything,0.3333333333333333
449,449,cop get arrest walking like freely public problematics must stay home locked sue parents,0.3333333333333333
450,450,theyll get know homosexuality anyways dont get whats wrong people nowadays dont teach homosexuality stop teaching heterosexuality also,0.3333333333333333
451,451,theres nowhere world woman equal places president prime minister queen america australia canada britain scandinavia france shall go like honestly woman u live equal world stop selfobsessed stop refusing look facts women already equal men long time,0.3333333333333333
452,452,one facility opened us provide shelter abused men feminist protested closed none,0.3333333333333333
453,453,history men hitting women provocations hitting women comes ijslets real however never hit man kicked balls im school hit imma hit back man woman child get trust ima try hit harder hit bc dont want smoke however stand women hitting men expecting retaliation thats wack put grown panties take consequences slaps punches especially ball kicking used get away attack reason prove point emotions dont think equality bc menwomen douches equal response unprovoked attack gender,0.3333333333333333
454,454,evil realigion cristian right europe american asia australia puertorican discusting mind craquers san bernardian bravo mr president,0.3333333333333333
455,455,wheelchaired woman actually scary,0.3333333333333333
456,456,safest civilised society world japan banned islam coincidence,0.3333333333333333
457,457,rotten nasty bastards,0.3333333333333333
458,458,next time like front one like shout left ear trash worthless hahahhaa know im bad man im badman,0.3333333333333333
459,459,thanks god least music pale pain blind oh cant hear haha,0.3333333333333333
460,460,sorry black americans danger homosexuals homosexuals much privilege african americans latinos arabs,0.3333333333333333
461,461,something hate bisexualpeople always say your either gay straightbisexual isnt real thing shut da fuq real thing,0.3333333333333333
462,462,sterilised upon arrival future doesnt exist,0.3333333333333333
463,463,said crazy loving god well literally crazy relief life,0.3333333333333333
464,464,send em home metal crate theyre probation years crime straight home many kids straight home bye,0.3333333333333333
465,465,poor women,0.3333333333333333
466,466,people barbaric cultures desert religions,0.3333333333333333
467,467,people say yaaaassss queen sterilised,0.3333333333333333
468,468,people changing genders left right cant even decide tattoo,0.3333333333333333
469,469,people genuinely good learned hate europe white christian killed happened muslim world,0.3333333333333333
470,470,feminists accusing woman demons abusing women time,0.3333333333333333
471,471,sea filled disgusting dead filth like ruined mediterranean vacations,0.3333333333333333
472,472,michael jackson sick man sick fans,0.3333333333333333
473,473,love love god excepts everyone mean everyone mean everyone im christian pan sexual respect every single person lgbtq community,0.3333333333333333
474,474,lol im korean koreans know look anything like drawing many square faces see diversity korean faces answers revealed end find video esp initial commentary pretty biased ethnically chinese people telling youtube tell asians apart asians racist people asians,0.3333333333333333
475,475,lesbian chewbacca,0.3333333333333333
476,476,shoot one less deal future,0.3333333333333333
477,477,“ genderless ” look like girls,0.3333333333333333
478,478,isnt awkward women work public services lowiq,0.3333333333333333
479,479,guy actually autistic faking,0.3333333333333333
480,480,case hire women lesser get profit,0.3333333333333333
481,481,masculine woman dude,0.3333333333333333
482,482,fking queen move direction please move away camera used take picture applies every women,0.3333333333333333
483,483,white people gone earth go directly back stone age even kidding,0.3333333333333333
484,484,men come norway seek liberty human rights respect women rights norway people dont show pity accepting kind people country,0.3333333333333333
485,485,god hates lgbt members much make people mean look jesus dads turned perfectly fine,0.3333333333333333
486,486,id beat fuck ass wasnt actor,0.3333333333333333
487,487,im sure woman widows aborted monster child hits helping living life,0.3333333333333333
488,488,ill take feminists seriously start talking sending women combat amount women men killed wounded battle exactly equality right,0.3333333333333333
489,489,id love destroy need tech support,0.3333333333333333
490,490,propose suicide evert politician,0.3333333333333333
491,491,dont hate kids problems im saying feel ver uncomfortable around weirdos dont like please god make child healthy good one,0.3333333333333333
492,492,white go school whare mostly black kids made fun skin best friends mom dose like white change schools,0.3333333333333333
493,493,humiliating str guy str guys like dumb things,0.3333333333333333
494,494,fuck million subscribers fucking twat,0.3333333333333333
495,495,holy shit kill,0.3333333333333333
496,496,complaining rights violated well maybe come uninvited country,0.3333333333333333
497,497,fuck prophet,0.3333333333333333
498,498,fat bastard forget vets kick ass caught,0.3333333333333333
499,499,faggot youre probably fatass,0.3333333333333333
500,500,deport military aircraft dump back originated family,0.3333333333333333
501,501,congratulations figured moron decided moron anymore youre freakin hero,0.3333333333333333
502,502,citronella great venezuelan repellent,0.3333333333333333
503,503,brown people love white countries,0.3333333333333333
504,504,bro delete yo shit youtube rn fuck outta yo clout chasing ass,0.3333333333333333
505,505,black person think rappers stop putting nword song plus proud white proud black,0.3333333333333333
506,506,anyone cope gender born needs serious psychological therapy,0.3333333333333333
507,507,anxiety definition human meme anxiety disorders excuse thing,0.3333333333333333
508,508,dislikes fucking homophopes,0.3333333333333333
509,509,theses people talking nigeria since cared nigeria find care nigeria relevenat killed farmers nigeria living peacefully its muslims sure terrorist attacks every must remember kill innocent muslims many terrorists groups use religion excuse come isis killing people come iraqi forces trying drive isis muslims cause scum muslims,0.3333333333333333
510,510,problems men one ever care,0.3333333333333333
511,511,asian people look identical one mother asia,0.3333333333333333
512,512,‚äúeveryone wins‚äù yeah except little girls youre trying rape,0.3333333333333333
513,513,sorry born indian,0.3333333333333333
514,514,support trans peoples rights free discrimination biological males allowed compete women athletic competitions,0.3333333333333333
515,515,nose detect immigration officer yards,0.3023255813953488
516,516,allowed gay also allowed hate gay people thats freedom people hate believe full right jack chris hemsworth believe businesss right serve might right fair freedom doesnt discriminate ethics,0.296875
517,517,said still convinced male sorely lost hipster girl maybe though,0.25
518,518,wow ur mom know gay u,0.25
519,519,women create children men women bear children,0.25
520,520,fuck stupid people,0.25
521,521,type dude see chat roulette,0.25
522,522,beat ass deserves,0.25
523,523,dont see dont create transgender category seems obvious fair solution great athletes still compete playing field level mean create weight categories maximise fairness boxingmma fights recognise two people male compete different levels transgender athletes surely,0.2
524,524,guys fell bad hope dont happen im islam,0.1666666666666666
525,525,take gun home gun protection kill everyone tries enter home without approval,0.1666666666666666
526,526,fat ugly suppose makes fugly,0.1666666666666666
527,527,yet vastly money spent breast cancer prostate cancer lethal discrimination,0.1666666666666666
528,528,still air shit,0.1666666666666666
529,529,would abuser around neck stupid dick abuser,0.1666666666666666
530,530,well like exactly feel except dont want straight,0.1666666666666666
531,531,hate leaders learn eropeans learn americans better leaderswe electing good leadres electing criminals,0.1666666666666666
532,532,proud indian muslim,0.1666666666666666
533,533,lady barely speak english look upon people thats disgraceful,0.1666666666666666
534,534,probably first time ive seen someone looks like child pedophile time,0.1666666666666666
535,535,dont clean rubbish throw floor place looks mess,0.1666666666666666
536,536,violent fucking savages fuck think would happen wont thrown around continent responsibility preserve,0.1666666666666666
537,537,people represent islam,0.1666666666666666
538,538,girls pretty seriously autistic interesting experience happy autistic,0.1666666666666666
539,539,traditional german values germany unified late regional values traditions still rank higher modern german values,0.1666666666666666
540,540,resistance avenge women children killed us allies,0.1666666666666666
541,541,thing annoys noisy neighbours music,0.1666666666666666
542,542,mountain near black sea wonder called caucasian,0.1666666666666666
543,543,lady sitting left yellow jacket epitome smart retard,0.1666666666666666
544,544,girl glasses freaking cute whats channel,0.1666666666666666
545,545,fear approaching girl lesbian real youre spot want flirty everything back head always shes cool lesbian im pan kinda gave relationships women born women trans women quite time ago amount youre gon na leave guy constant sure like girls phase someone true im actually lesbian want admit bs much never worried another woman btw always either men questioning validity sexuality really quite sad exes really strong confident women except sexuality,0.1666666666666666
546,546,fact shes representing black lives seems kinda ironic lol shouldnt lives black ones clearly thinks race supirior even admits shes racist joking thats fact said whole video,0.1666666666666666
547,547,thats wrong even though disagree beliefs right put hands woman,0.1666666666666666
548,548,scripted right please let scripted real human would said things,0.1666666666666666
549,549,lot really dumb people one room wow,0.1666666666666666
550,550,girl pushed needs pay personally familys medical bills lol fair,0.1666666666666666
551,551,thank john sharing experience us people wan na say refugees stay strong although current president failing help washington dc protesting people suffered saved evil,0.1666666666666666
552,552,tell ship comfy electric chair kid,0.1666666666666666
553,553,syria war go back safe,0.1666666666666666
554,554,stupid dumb ass,0.1666666666666666
555,555,stop putting recommend wtf im gay,0.1666666666666666
556,556,words womens rights freedom responsibility mens rights responsibility serious,0.1666666666666666
557,557,proud mom wish allah give strong saying alhamdulillah husband son allah give mercy beautifull died supprising crying son husband die still alive jannah aamiin,0.1666666666666666
558,558,put wig run girls,0.1666666666666666
559,559,sink boats problem theyll soon get message,0.1666666666666666
560,560,should¬ä¬ôve set bug bomb locked,0.1666666666666666
561,561,seen way israelis treat palestinians slaughter weekly basis racist israelis point genocide,0.1666666666666666
562,562,racism nationalism nothing ignorance hence hate cruelty,0.1666666666666666
563,563,people autism nice,0.1666666666666666
564,564,people get views religion people opinion deeds focus business god people say islam peace thats wrong god didnt want mentioned anywhere,0.1666666666666666
565,565,homegrown animals infinitely preferable,0.1666666666666666
566,566,one people one nation end migration,0.1666666666666666
567,567,ok hell terrorist get guns ammos,0.1666666666666666
568,568,oh believe reasons romanticises suicide ultimate expression highdrama line sorry im gone terrible suicide scene disturbing way probably intended thank find difficult real cases mental illness taken seriously stupid fad,0.1666666666666666
569,569,true saudia arabia women freedom,0.1666666666666666
570,570,parents homophobes,0.1666666666666666
571,571,god cancer spreading,0.1666666666666666
572,572,let kids kids fucks sake,0.1666666666666666
573,573,nerdy guy polar express,0.1666666666666666
574,574,simple ask person theyre asian first words mouths anything yes asian,0.1666666666666666
575,575,killing seeing gays treated like,0.1666666666666666
576,576,islam christianity mixed centuries idea coexist ignorant idea,0.1666666666666666
577,577,us game called ten little indians know boring,0.1666666666666666
578,578,im gay fucking proud fuck bitches like people,0.1666666666666666
579,579,im bisexual im looking hook whatever havent come yet im scared really scared,0.1666666666666666
580,580,face used inside jackinthebox would epidemic children dying shock disgust,0.1666666666666666
581,581,winnie even tinnie flat chest would hire miss way,0.1666666666666666
582,582,takes year interviewing come basic conclusions brain washed damn,0.1666666666666666
583,583,im beginning doubt accuracy mean violent canadians thats absurd,0.1666666666666666
584,584,im asian immigrant came states growing living midwest experience lots racism last yrs didnt matter hard worked become doctor kind person much contributed society racism experienced purely based skin color accent hate say probably unpleasant experience minorities blacks hispanics even asians yes asians actually treat white customers respect asian customers,0.1666666666666666
585,585,would prefer phallic world,0.1666666666666666
586,586,would fucking kill jared leto,0.1666666666666666
587,587,think mental illness romanticized long time already take example emos tumblr think people really influenced famous people looks beautiful celebrities seem movie like life people want special end delusional,0.1666666666666666
588,588,see depression caused gain weight,0.1666666666666666
589,589,read title immediately ready kill,0.1666666666666666
590,590,like lady seems like role model men women open mind,0.1666666666666666
591,591,hate white flour white sugar two three white deaths,0.1666666666666666
592,592,get closet weekend friends,0.1666666666666666
593,593,totally relate actually hurts im also biracial white afroamerican,0.1666666666666666
594,594,huh kids like crazy eyes weird moves lurking around scary please mama creeper cuff sent asylum,0.1666666666666666
595,595,hit hit hit first defense,0.1666666666666666
596,596,head looks like big ass jelly bean,0.1666666666666666
597,597,shot kid shot effin kid boi better sleep one eye open imma whoop stupid little butt till wish never born ya withered shall avenged,0.1666666666666666
598,598,may wheelchair hes bad looking forget trolls dude,0.1666666666666666
599,599,valid point obese dont go public especially eat unless want see looks hear remarks lose weight dont want fat ass dont like look like change,0.1666666666666666
600,600,handsome woman eww,0.1666666666666666
601,601,guy low iq af,0.1666666666666666
602,602,gun shot ina yu head mercy,0.1666666666666666
603,603,glenn type korean dude im fucking love weird eyes,0.1666666666666666
604,604,get proper translators idiot didnt say,0.1666666666666666
605,605,germans need quit blaming atrocities committed nazis thing shame happening us past slavery stealing land indians people getting sick hearing shit left constantly saying bad white americans,0.1666666666666666
606,606,fuck corbyn die retire,0.1666666666666666
607,607,song thing im white ill say nigga word im singing songs im black person making uncomfortable ask stop would respect,0.1666666666666666
608,608,feminism islam spirit,0.1666666666666666
609,609,every time blonde lady talks loose twenty brain cells,0.1666666666666666
610,610,even getting surgery look like bomb ass bitchhh love hope you¬ä¬ôre recovering fast,0.1666666666666666
611,611,little sister know wearing clothes bitch tits,0.1666666666666666
612,612,people even care color persons skin sexuality movieits bloody movie,0.1666666666666666
613,613,kill people,0.1666666666666666
614,614,didnt know shitted coloured like could talk,0.1666666666666666
615,615,use ‚äútan‚äù ‚äúdark‚äù filter,0.1666666666666666
616,616,dessert human garbage coming eurabia,0.1666666666666666
617,617,deport fucking brainless worthless pieces shit freeloaders shot,0.1666666666666666
618,618,christianity mostly every religion told accept one another give respect doesnt mean u change ur religion ur opinion give ur respect equal u human,0.1666666666666666
619,619,call caitlyn jenner syndrome,0.1666666666666666
620,620,black women strong hell,0.1666666666666666
621,621,beautiful pink dress skin beautiful face pretty eyes sexy lips sexy lipstick perfect,0.1666666666666666
622,622,b bl bla blac black w wh whi white,0.1666666666666666
623,623,someone professionally diagnosed mental illnesses find disrespectful disgusting making profit making jokes different story though make jokes help cope theres line joking disrespectful,0.1666666666666666
624,624,anyone believes religion blindly lacks ability critically think really want follow rules made people critically think believe god values,0.1666666666666666
625,625,thats black people peaceful,0.1666666666666666
626,626,people brothers sisters humanity religions separate people unfortunately,0.1666666666666666
627,627,using slaves years stealing natural resources europe doesnt need let die,0.1666666666666666
628,628,aaah mothers fault guys dont know hard take care autistic kids huh,0.1666666666666666
629,629,im jewish enemy,0.1666666666666666
630,630,sons bitches,0.1607142857142857
631,631,get real fake fucking selves tell truth normal minded society ones discriminated pieces pig shit cant stand fake fucking cowards lie constantly much bitch honest,0.1525423728813559
632,632,responsible convincing girls pretty,0.1111111111111111
633,633,go fucking kill die already useless ugly pile shit scumbag,0.1034482758620689
634,634,fucking assholes,0.0909090909090909
635,635,incoming racist people,0.0389610389610389
636,636,war discrimination military necessitywhen korematsus case reached supreme court october attorneys government pointed constitutional war powers congress president government argued military must take steps necessary wage war successfully view president roosevelt war department general dewitt internment japanese issei nisei military necessityand assuming war isis rounding isis would raciston december supreme court decided uphold conviction korematsu majority ruled refusal leave prohibited military area consider constitutionality relocation camps justice hugo black writing majority fully accepted views general dewitt justice black also said korematsu forced home race military urgency situation,0.0377358490566037
637,637,drink bleach,0.0317460317460317
638,638,ive trying figure common american voter uniformed republican democrat years democrats slightest clue obama deported mexicans president history,0.0303030303030303
639,639,hide engine would get killedthat stupid way smuggle another country,0.0298507462686567
640,640,jon snow king north thank uploading one small complaint talking deporting illegal immigrants immigrants general title might mislead less informed,0.0263157894736842
641,641,life isnt wonderful room tells youre clearly alcoholic drink shit beer maybe stop wasting money shit like apple watch could afford clothes dont come walmart get someone mom cut hair,0.0188679245283018
642,642,make wan na hit gym thicker damn snicker dammit,0.0188679245283018
643,643,people come must able contribute society drain us must able support trade need people living rest us,0.0163934426229508
644,644,use time arrest murderers little kids,0.0
645,645,talk people different races different countries,0.0
646,646,look like kill bees fun,0.0
647,647,look like harry potter stayed stairs,0.0
648,648,look kinda dead inside parents must haved loved,0.0
649,649,grace composure rabid hyena,0.0
650,650,deserve way subscribers shit say fucking gold,0.0
651,651,see country fertile green need right governance,0.0
652,652,great brother abbie family changing world,0.0
653,653,brave manfor letting keep comments enabled,0.0
654,654,listen bill warner phdforemost expert islam,0.0
655,655,wtf teacher expelled thats way treat disabled kid specially autistic one,0.0
656,656,wtf thought one sibling,0.0
657,657,wow reason clicked make seconds,0.0
658,658,wow comments soo cruel people muslims like religions respect need rights muslims,0.0
659,659,wow voice reading best thing life,0.0
660,660,women equally strong men able defend,0.0
661,661,fuck would ask trump,0.0
662,662,censored todays generation get butt hurf offended easily u dont like keep walking use free country going toilet,0.0
663,663,dont games,0.0
664,664,watching,0.0
665,665,gives damn ability freedom b whoever fuck want b,0.0
666,666,ever disliked video ashamed selfs,0.0
667,667,white chocolate raspberry,0.0
668,668,squad complete shit pubg,0.0
669,669,find girlfriend,0.0
670,670,u two getting married kid mind,0.0
671,671,said  complete me lost shit,0.0
672,672,pain relief something must wrong,0.0
673,673,lift arms ‚äúboobs‚äù go away look like mosquito bites feel like trying ‚äòhot librarian look ended ‚äòold librarian look,0.0
674,674,kid never rough girls however scratched bitten pushed girls still small scar one incident,0.0
675,675,people going stop asking “ coming amp saying something ” sexually mentally emotionally abused child adult going understand reasons tell listen stop asking “ ” one reason victims dont come forward think bc one believe cases lot use like though situations different different types people involved reasons youre going listen stop asking youre choosing ignorant sexually abused comes psychological abuse etc forever changes youre forever damaged never undone instead looking victims group look story theyre thing damage done,0.0
676,676,handsome man marries man bite fingers,0.0
677,677,whats big deal mexico immigration laws policies deport people time nothing said done yet united states chooses enforce immigration laws policies people become shocked outraged,0.0
678,678,type question,0.0
679,679,happened rap right rap,0.0
680,680,episode number,0.0
681,681,civilized nice cops,0.0
682,682,bombs crazy go fuck dont talk shits,0.0
683,683,wonderful angel wife sooo beautiful inside nice man lady lady beautiful laughter ever heard whole life couple love made thankyou wonderful video,0.0
684,684,luck girl wish lucky,0.0
685,685,well looks like time another child,0.0
686,686,well comment sections pretty mental,0.0
687,687,well im woman born guatemala em dont see anything wrong guatemala,0.0
688,688,well walk right sun hand hand,0.0
689,689,taught kids hit anyone go window,0.0
690,690,arent allowed roast year olds,0.0
691,691,bodies spirit souls,0.0
692,692,way go dr peterson hit nail head,0.0
693,693,war go back home,0.0
694,694,wallmart employees cunts hate,0.0
695,695,wait tiger get shot,0.0
696,696,video games without cars awful piece shits,0.0
697,697,victimizing doesnt help,0.0
698,698,sad people young boy ceausescu fell romania inflation skyrocketed another level looks like end soon happen one richest country world venezuela largest resource oil world look qatar uae saudi arabia done miracles looks like enough oil know,0.0
699,699,ugh heart hurt talking troll comments hurt see love radiates,0.0
700,700,u r still beautiful still watching babe chat later dear lookin rock world saying babe,0.0
701,701,trump racist letting brave woman return,0.0
702,702,true heavy metal true feeling,0.0
703,703,transgenders protect fight,0.0
704,704,trace would ask rethink africa myth since africa theory proposed many discoveries prove modern humans existed parts world much earlier thought ooa theory proposed instance skeletal remains humans found asia many thousands years older oldest found african content amazes much information shows older humans elsewhere earth people still adhere falls narrative modern humans evolved african continent,0.0
705,705,say black lives matter racist statement blm organization racist group could quit hating white people turn energy towards community biggest group black oppressors might make difference,0.0
706,706,honest part lgbt community shoes hurts lot want treated way need see people church lgbt community going need notice people like,0.0
707,707,white people might read know black man criticize based color skin know good bad people colors good day god bless,0.0
708,708,video super helpful nice youre reading please stick us alright spent eight years hating point almost killing key word almost im still im glad stuck around take care please going get better youll want see love jack kati everyone lt,0.0
709,709,time tables turned,0.0
710,710,reminds husband rheumatoid arthritis permanent damage ankles could walk days recently husband caregiver home ra bad can¬ä¬ôt walk wheelchairs husband often pushes go can¬ä¬ôt walk canes everywhere cute lucky reassure he¬ä¬ôs lucky laugh,0.0
711,711,literally made emotional bi ass cry,0.0
712,712,theory whole thing michael strange yes circumstances growing didnt childhood believe trying child first time remember time happening wondering parents would let kids sleep michael strange adult sleeping kids know sure wouldnt didnt grow like michael jackson two men plenty time come michael choose tell dies families set whole time staying michaels house dont believe anything happened parents fault anyones would let kids sleep michael cost take michaels side since aint defend,0.0
713,713,fake u liar bastard ur actor u liar bastard,0.0
714,714,staged scene license plate truck refrigerated trailer look facts people cant drive commercial truck roads texas without dot cop pulling fooled whole thing doesnt add,0.0
715,715,guy gets nerves im christian transgirl bad,0.0
716,716,doesnt represent mental illness correctly doesnt randomly appear always present,0.0
717,717,documentary point helped class ty boy,0.0
718,718,actually makes angry people stupidly looking attention want make feel like important human earth nobody pretends cancer dangerous physical illness pretending “ depressed ” “ anxious ” nobody ever feel way way really feels mental disorder thats fact,0.0
719,719,must really suffering theyre throwing food ground pigeons,0.0
720,720,could shot legs one gets risk dying,0.0
721,721,calm patient police ever also bald police man get stabbed,0.0
722,722,forgetting russell crowe performance beautiful mind know schizophrenia spoton,0.0
723,723,days,0.0
724,724,videos may already feel long responses cut short given true voice would love produced fuller videos viewers really hear people say topics common among todays people its rewarding hear insight sides matter topic,0.0
725,725,boys grow people making fun hate parents ruining lives,0.0
726,726,theres anything refute massive cope lol,0.0
727,727,theres lot confusion malefemale vs masculinefeminine dont always line nobody seems ask many male female transexuals female male,0.0
728,728,isnt little land isnt inefficient land use arent restrictive land use policies many people,0.0
729,729,many errors xd,0.0
730,730,people choosing answer,0.0
731,731,veil isis also great song sword,0.0
732,732,pure misery mens eyes heart breaking god bless,0.0
733,733,problem people dont listen people feel people sides would actually listen one another would learn something,0.0
734,734,peaceful religions came india like buddhism jainism etc,0.0
735,735,guy guessing wheelchair sweet awh,0.0
736,736,girl thumbnail looks badass,0.0
737,737,girl dress reminds opal bird box,0.0
738,738,eye contact never lies,0.0
739,739,engagement ring story outrages,0.0
740,740,degree improvement amazing father donated stem cells uncle cured lymphoma stem cells future medicine,0.0
741,741,dark cloud side fully understand alter ego need accept youll deprived superpowers,0.0
742,742,blonde lady dude orange shirt quaking,0.0
743,743,people disliked salty stealing dates,0.0
744,744,thats problem one interfere way life someone unhappy try escape,0.0
745,745,thats hip hop sht bring today critical minds time one come ill racism oppression hate still much,0.0
746,746,thats terrible photo use,0.0
747,747,song fucking awesome,0.0
748,748,beautiful right hook ive seen hero,0.0
749,749,hair cut makes irresistible,0.0
750,750,guys chin strap bothers manidk,0.0
751,751,terrorists muslims using name islam,0.0
752,752,terrorism religion terrorism cancer need wipe rip victims,0.0
753,753,tell whose terrorists,0.0
754,754,technically isis ciaus creation,0.0
755,755,trex mated donkey,0.0
756,756,sweden cool,0.0
757,757,support gay pride,0.0
758,758,stop drinking cow milk people realize cow produce milk get pregnant people milk calf cant consume realize puss blood found milk milk grocery store milk rest powder water gross,0.0
759,759,stop war lead radiation chemicals killing earth share care sympathy empathy love needed world,0.0
760,760,statistics show support lemon agree think hes intelligent youre overwhelmingly ignorant dont blame thats facts,0.0
761,761,son greatest lesson teach dont tell troubles others tell ten people problem seven wont care two laugh behind back one tell deal,0.0
762,762,lyrics wrong,0.0
763,763,society fucked sure thats everyones fault,0.0
764,764,scroll readleave comment scroll back blue like thumbs goes away done times row hmm glitch youtube remove think leave video without checking happens lot channels like,0.0
765,765,sorry bombing attack manchester innocent people died,0.0
766,766,long lived mothers basement,0.0
767,767,slow cuts shots way fast,0.0
768,768,short answer murderer child molester natural choice,0.0
769,769,shes really courageous woman one impressive women ive ever listened appreciate film certainly wish continued success happiness definitely cut filmmaker especially person incrediblely remarkable woman,0.0
770,770,one tense,0.0
771,771,flawless omfg,0.0
772,772,salute woman hollywood human lady love,0.0
773,773,responsibility something needs grow inside everyone,0.0
774,774,relax somethingwink wink hahahahaha totally enjoying videos super yummy,0.0
775,775,red pill activism thing,0.0
776,776,read sentence slow,0.0
777,777,put speed good,0.0
778,778,pokemon best game ever,0.0
779,779,people keep racism im puertorican grandma native grandpa black mom mulata dad white im white skin green eyes flat nose big lips haha raze date gon na tell something love kind womens shapes curvy latinas white black asian arabian dnt know every single raze person different type beauty lets keep racism floor rise love humanity everybody personal choose dating whos attractive choose mix white black call mulatahappy life,0.0
780,780,people rights follow religion try force people following religion country running dictatorship hopefully soon change low international pressure,0.0
781,781,people hate people think ugly people think horrible person well guess ones name people,0.0
782,782,people scared change things dont know understand theres good bad every race religion culture,0.0
783,783,people individuals look character behavior obviously race meh tells genetic geographical trait thats,0.0
784,784,world ashamed west live knowledge nothing stop far late,0.0
785,785,omg macklemore iconic love,0.0
786,786,omg awesome much hate stay positive,0.0
787,787,omg lucas great kid big grow,0.0
788,788,okay first drag fetish inherently meant performance art mature form performance art literally grown ups playing dress yes highly sexualised anything catered adult audience think downright disgusting bring year old child drag convention literally companies booths selling sex toys progressive let kids perform seductively infront audience creepy,0.0
789,789,oh god fck im crying,0.0
790,790,politicians going wood chippers also police,0.0
791,791,shower two days bet smell like doritos mountain dew shameful sweat,0.0
792,792,need lip sync get mic put closer youll sound fine,0.0
793,793,fucking way machine would recognize shit lol,0.0
794,794,body change biological sex change gender,0.0
795,795,nice concept good story poor act try harder next time,0.0
796,796,next list pierce face katana,0.0
797,797,sons school someone talk autism awareness autisic made aware animals autisic introduced picture pug lola also autisic found interesting year old son autisic,0.0
798,798,smile beaming skin gleaming yuh,0.0
799,799,grandma roommate drag queen drag queen knwonledge cool lol,0.0
800,800,fav ask explicitly defining date try works,0.0
801,801,cousin hes still cant talk properly like year old hes sensitive loud noise crying noise hard talk still love cuz thinks one favorite person besides mother,0.0
802,802,car love life fucking love bitch fast makes feel complete,0.0
803,803,best friend muslim best man world,0.0
804,804,much love thank courage keep speaking truth,0.0
805,805,moving france spain motherfucking big change,0.0
806,806,maybe im crazy maybe im really dont care try fuck brain ill stand strong bitch,0.0
807,807,masterful love pain post,0.0
808,808,love videos,0.0
809,809,love love roses reds violet blue happiness colors lesbian blessing bisexual beautiful gay marvelous roses red violets blue im gay happy way dont rude respectful lgbtq people love love amazingly important beautiful humans love matter,0.0
810,810,love roasted,0.0
811,811,lots loving ppl world unfortunately due presence percentage dead souls make world look like hell,0.0
812,812,lots haters reason,0.0
813,813,lmao fucking hilarious,0.0
814,814,literally reason im deleting instagram account sick fakery,0.0
815,815,lilly singh queen yay next episode,0.0
816,816,lauren savage love,0.0
817,817,lady gaga freddie mercury generation,0.0
818,818,wan na know fuck show home youtube damn disturbing,0.0
819,819,kidding know feels,0.0
820,820,japanese culture ancient unique,0.0
821,821,japan rejected reject mother fuckers,0.0
822,822,ive panic attacks due nothing least wouldnt know wouldve triggered question normal,0.0
823,823,challenge anyone reality,0.0
824,824,guilt stupidity scale unknown human history,0.0
825,825,its like cant anything without someone saying its wrong cause people its joke people,0.0
826,826,humanity first country,0.0
827,827,easy seattle wheeler towns countriesôªø,0.0
828,828,time trump find natural death somehow bullet finds puts us misery,0.0
829,829,doesnt matter youre black white gay straight woman man trance disabled dyslexic intelligent people quality,0.0
830,830,islam true religion believe brothers,0.0
831,831,still job like would like take thats joke,0.0
832,832,dude walked room kissed girl cheek left,0.0
833,833,incredibly fucking annoying voice reasonable arguments agree,0.0
834,834,uk maximum five years prison sentence abuse whether male female nongender specific matter abuses happens genders law discriminate gender,0.0
835,835,opinion god loves us matter sexuality gender races religions anything actions personalities count,0.0
836,836,world full hate remember light darkness world temporary,0.0
837,837,im glad friends,0.0
838,838,im lesbian proud im happy friends accept dont know family dont care anyone says im proud lesbian,0.0
839,839,im philippines go outside country think im chinese matter nope asians grew living asia dont make big deal bout sure america different story,0.0
840,840,search couple goals theres picture danny aaron,0.0
841,841,ever wake one morning want smile youre happy dont,0.0
842,842,see bully bulling would hey middle finger would record get real trouble,0.0
843,843,much like family treat like family sponsor thier petitions,0.0
844,844,theres jikook shippers ship romanticallylike vid comment,0.0
845,845,iconic woman shes done much un,0.0
846,846,im sad fucking situation muslims,0.0
847,847,im arab make difference see stylish people,0.0
848,848,id like see im black compilation video,0.0
849,849,im white im proud white love diversity people nations lets move,0.0
850,850,im sick tired black white thingcant stop lets happy one daywe one lets stop please one love peace,0.0
851,851,im glad someone finally also brought light pay gap asian countries description video frankly often focused us pay gap really small already compared asian countries us,0.0
852,852,im male would fight women rights human,0.0
853,853,im british born muslim helps slovakians immigrants region faith taught respect honour strange times,0.0
854,854,im bisexual never sex im,0.0
855,855,im heterosexual african birth breed character traditional man xhosa precise still believe human rights equal whatever religion ethnicity demography tribe language equal one day people free enough love date whoever wan na without prejudice judgment ‚ä¶viva human rights viva,0.0
856,856,would order bucket ice cold water pour,0.0
857,857,work hour shifts starting dont know effectively cut caffeine,0.0
858,858,wish best well children,0.0
859,859,wish everyone father like loving caring,0.0
860,860,recently dancing club song oh man grabbing ass blast next day legs hurts bad,0.0
861,861,hoping youd post new video know youre busy course youre interesting wish youd post moreôªø,0.0
862,862,clinically depressed blew mind due stress dont say oh man im getting anxiety ugh im depressed brings attention dont want fact people make illnesses fashion merch makes feel like everyone looking peoples directions memes relatablefunny relieving said do people post memes mental illness  made wonder alot ik people capable nowadays,0.0
863,863,want draw something know send instagram,0.0
864,864,want people throw skittles wedding,0.0
865,865,much appreciate asian womans smarts,0.0
866,866,think black white labels people live together piece despite colour dismatch,0.0
867,867,support lgbt want youre support lgbt pakistan,0.0
868,868,still come family bieber im tearing,0.0
869,869,ship guys please get back together,0.0
870,870,remember scene xfiles made mad √∞¬ü¬ò¬° mulder,0.0
871,871,really wan na public experiment like trans man happy least watch wwyd please experiments trans men transgender people general,0.0
872,872,really like lot said feel like barely speak side topic people quick shut try serious anxiety depression mental illness almost become buzz words seems lot people dont know difficult really suffer feel control spoke theres fine line days awareness influence people get ideas heads see memes relateable content start linking everything lives know youve got perfectly healthy people tainted world people around imposing problems upon making life difficult needs desensitises whole situation people coming real problems dont want speak upsurge people talking feel wouldnt taken seriously thats horrible understand though impossible seesaw balance since many people involved many minds million ideas actions impossible control wave length,0.0
873,873,pray god heavens earth bless victims boko haram,0.0
874,874,love bi girls lesbians,0.0
875,875,want sit buy drink talk dont care seem like people must great conversation,0.0
876,876,love hypocrisy sick,0.0
877,877,started writing book,0.0
878,878,autism yet alot friends,0.0
879,879,schizophrenia fight alone,0.0
880,880,hate alone night fucking creepy,0.0
881,881,got first one today bday smoked much weed thought going die scariest shit ever definitely useful thank,0.0
882,882,feel dumb want even labeled disabled even knew think disabilities especially terms affecting ones relationship think like mental disabilities serious cant use ur body thank enlightening im sorry,0.0
883,883,feel like give reporter pistol something protect,0.0
884,884,fear future hate crime victim may well labeled pulling smollett,0.0
885,885,failed one little test mom got scared said youre moving auntie uncle alaska,0.0
886,886,dont understand people get mad things says right opinion doesnt agree make monster evil person annoying people operating extremely sensitive ignorant mindset dont agree,0.0
887,887,dont see dont create transgender category seems obvious fair solution great athletes still compete playing field level mean create weight categories maximise fairness boxingmma fights recognise two people male compete different levels transgender athletes surely,0.0
888,888,dont know dont trust guys money plss let dead world stop making showswith deathcouse u didnt ballssss alive,0.0
889,889,dont facts dont statistics human fuck even mean,0.0
890,890,dont care people say two fuckers lyingthe facts stacked hope going pay smere campaign,0.0
891,891,could brave lost son husband bless strength kind heart,0.0
892,892,could cuddle,0.0
893,893,cant understand someone would think ok bullie someone,0.0
894,894,cant one thinks kinda sounds like make cry noah cyrus,0.0
895,895,smell failure phone screen,0.0
896,896,came small country asia much people doesnt know every time travel somewhere else people ask u chinese japanese korean srly every country isnt china japan korea asia,0.0
897,897,bet jobs,0.0
898,898,sorry people disrespect guys wish could something guys know love guysâ¤,0.0
899,899,proud white cant believe people said werent proud white im proud white didnt choose race proud youre black proud black proud ones raceculture isnt exclusive poc anyone else,0.0
900,900,possessed deamons,0.0
901,901,adore voice talented beat,0.0
902,902,much lawyer getting paid go much money world take fool,0.0
903,903,wake think actually cool like honestly believe average person adheres normal basic societal rules looks upon respectably manner,0.0
904,904,holy shit want go wedding eight pugs kidding eight pugs thats fucking amazing nobody convince otherwise,0.0
905,905,hollywood bizare sickest evillest industry,0.0
906,906,eyebrows probably represent parents relationship,0.0
907,907,hey dude awesome pls teach,0.0
908,908,hey baby look like tinkerbell luhlulhulhulhulhluh,0.0
909,909,may history right side time,0.0
910,910,smile beautiful omg continue,0.0
911,911,head shape light bulb,0.0
912,912,hes got hottest man tits ive seen,0.0
913,913,handsome erahe use lipsticks time,0.0
914,914,smiles talking drowning children,0.0
915,915,seems like talkative taxi driver,0.0
916,916,lower iq water freezes,0.0
917,917,anyone cried front parents feel totally ashamed invaded afterwards,0.0
918,918,great video thank √∞¬ü¬ô¬è,0.0
919,919,gosh guys getting less funny episode,0.0
920,920,goosebumps beat drops üòä,0.0
921,921,good thats educated man right,0.0
922,922,godmy humble question u almighty u send earth suffer,0.0
923,923,god bless dears,0.0
924,924,girlanxiety attack dog good bro,0.0
925,925,gay straight homo lesbian people hmmm love,0.0
926,926,gas preferred drink,0.0
927,927,fucking good punch dude,0.0
928,928,static sound use editing know it¬ä¬ôs annoying use premiere pro able use decrackling help bit,0.0
929,929,finally someone means says its year im still cackling,0.0
930,930,finally figured voiceclip came i¬ä¬ôm happy,0.0
931,931,fake news fake news,0.0
932,932,facing challenges hard go,0.0
933,933,every publicity good publicity ha im watching leaving neverland dont know guilty music legend one take,0.0
934,934,even watching screen feels intenseimagine would feeling witness horror first hand takes courage let alone even touching dead,0.0
935,935,even straight boys played barbies kids issue,0.0
936,936,equal pay message um says guy want socialism united states america,0.0
937,937,enough enough,0.0
938,938,dunno makes disabled asthma running stairs involved il die suffocation lungs haha xxx,0.0
939,939,dont drugs kids,0.0
940,940,dont ever kill matter people think say matters think feel,0.0
941,941,know smiling “ excretion law ” new zealand max sentence receive judge years prison justice muslims lives dont matter,0.0
942,942,know much boys abusive relationship right disgusts,0.0
943,943,anybody actually know hh reaction channel,0.0
944,944,depends whether ryan reynolds room,0.0
945,945,delightful brought back memories wonderful week guys,0.0
946,946,damn made laugh,0.0
947,947,dad hair cute,0.0
948,948,cutting fundings going make problem worse,0.0
949,949,conveniences real,0.0
950,950,congratufuckinlations pitbull owners make without getting bitten encourage people follow footsteps know people whose lives ruined animals regardless pack mentality dogs rage machines dodgeing bullet every day dont hurt family,0.0
951,951,civil rights movement transgendered people,0.0
952,952,children business developing sexuality children let kids,0.0
953,953,child abuse manipulation etc hell transforming world sick mind people stupid others send kids,0.0
954,954,certainly make illegal use boom done solved,0.0
955,955,cant wait music video,0.0
956,956,cant tell youre pedophile victim pedophile,0.0
957,957,see absurd calling white people racist calling black people criminals race even matter judge terrible people terrible white people,0.0
958,958,fucking explain whole song appreciate billies voice shes fucking angel man need explanations songs listen enjoy,0.0
959,959,get shoutout pleaseeeeee little bit people,0.0
960,960,buy lethal guns real ones toys,0.0
961,961,buy pc game call camp buddies trust haven¬ä¬ôt seen anything yet,0.0
962,962,bruh would fuckin love film video maurice man like older black version swear god,0.0
963,963,broke heart see young boy claim allegiance,0.0
964,964,broyour channel needs grow man,0.0
965,965,bottles beautiful inside,0.0
966,966,people becomes evil easily genes,0.0
967,967,beautiful every way,0.0
968,968,aware girl class doesnt know control emotions doesnt understand socially acceptable someone age outburst,0.0
969,969,awful terror coming nowhere felt,0.0
970,970,end literally described gold digger,0.0
971,971,point right defend sad thing bet would defended finale would gotten trouble sadly right thing sufferd greatly,0.0
972,972,friends part lgbt community supporter think awsome middle school,0.0
973,973,archeological evidence clear europeans always taken care regardless disability never stop disability cool turns disabled people take care us together even cooler,0.0
974,974,apple trying one company whole world basically depends future know future movies one company everything,0.0
975,975,anyone leave partner first sign abuse,0.0
976,976,anyone else get full body numbness lasts weeks rapid muscle spasms shock feelings trying sleep night sleep every hours,0.0
977,977,alot democrats support bullshit drain swamp,0.0
978,978,make america grea make america better,0.0
979,979,america greatest country aint lie know know,0.0
980,980,always impressed professional non aggressive british cops yet still get job done hats american police need take notes,0.0
981,981,women obvious respect admiration,0.0
982,982,clueless reporters comparing cronkite edward r murrow cant even get teleprompter readthrough without hitting floor,0.0
983,983,lives matter matter r black white hispanic muslim jew atheist christianperiod,0.0
984,984,know disorder ruined fucking life,0.0
985,985,adidas means day dream snacks,0.0
986,986,abusers men women,0.0
987,987,absolutely excellent ever yes cycling fabulous mental health bike you¬ä¬ôre happy bike you¬ä¬ôre sad shout rain scream inwardly complex hill climb get endorphin rush outside smile fellow cyclists passing chickens experience wee bwark chook makes many things better,0.0
988,988,mans chance getting cancer men die cancer women get cancer die,0.0
989,989,comments likes views gg youtube,0.0
990,990,nah cut im sure wont regret ,0.0
991,991,oh niki pronounced mademoiselle maupin way better siri,0.0
992,992,wan na make feel okay,0.0
993,993,midnight sun hot springs blow,0.0
994,994,dont say im type,0.0
995,995,therefore never send know bell tolls,0.0
996,996,cant stand another day,0.0
997,997,values unless otherwise stated us dollars,0.0
